slice,nms_iou,conf,n_frames,n_gt,tp,fp,fn,precision,recall,f1,fp_per_frame
day,0.5,0.05,11060,55795,33519,46854,22276,0.417043,0.600753,0.492318,4.23635
day,0.5,0.1,11060,55795,31826,25497,23969,0.555205,0.57041,0.562704,2.30533
day,0.5,0.15,11060,55795,30329,15988,25466,0.654814,0.543579,0.594034,1.44557
day,0.5,0.2,11060,55795,28851,10657,26944,0.730257,0.517089,0.605458,0.963562
day,0.5,0.25,11060,55795,27468,7253,28327,0.791106,0.492302,0.60692,0.655787
day,0.5,0.3,11060,55795,26103,5137,29692,0.835563,0.467838,0.599828,0.464467
day,0.5,0.35,11060,55795,24709,3583,31086,0.873356,0.442853,0.587701,0.32396
day,0.5,0.4,11060,55795,23302,2519,32493,0.902444,0.417636,0.571015,0.227758
day,0.5,0.45,11060,55795,21792,1720,34003,0.926846,0.390573,0.549561,0.155515
day,0.5,0.5,11060,55795,20215,1161,35580,0.945687,0.362308,0.523901,0.104973
day,0.5,0.55,11060,55795,18440,786,37355,0.959118,0.330496,0.491596,0.0710669
day,0.5,0.6,11060,55795,16515,501,39280,0.970557,0.295994,0.45364,0.0452984
day,0.5,0.65,11060,55795,14315,326,41480,0.977734,0.256564,0.406468,0.0294756
day,0.5,0.7,11060,55795,11580,194,44215,0.983523,0.207545,0.342761,0.0175407
day,0.5,0.75,11060,55795,7951,84,47844,0.989546,0.142504,0.249131,0.00759494
day,0.5,0.8,11060,55795,4143,43,51652,0.989728,0.074254,0.138144,0.00388788
day,0.5,0.85,11060,55795,1644,18,54151,0.98917,0.029465,0.0572254,0.00162749
day,0.5,0.9,11060,55795,293,0,55502,1,0.00525137,0.0104479,0
day,0.5,0.95,11060,55795,1,0,55794,1,1.79228e-05,3.58449e-05,0
day,0.5,0.99,11060,55795,0,0,55795,,0,0,0
day,0.6,0.05,11060,55795,34168,57076,21627,0.374468,0.612385,0.464747,5.16058
day,0.6,0.1,11060,55795,32352,30827,23443,0.512069,0.579837,0.54385,2.78725
day,0.6,0.15,11060,55795,30731,18995,25064,0.618007,0.550784,0.582462,1.71745
day,0.6,0.2,11060,55795,29161,12384,26634,0.701914,0.522645,0.599158,1.11971
day,0.6,0.25,11060,55795,27684,8233,28111,0.770777,0.496173,0.603716,0.744394
day,0.6,0.3,11060,55795,26254,5668,29541,0.822442,0.470544,0.598607,0.512477
day,0.6,0.35,11060,55795,24817,3859,30978,0.865428,0.444789,0.587586,0.348915
day,0.6,0.4,11060,55795,23384,2650,32411,0.89821,0.419106,0.571533,0.239602
day,0.6,0.45,11060,55795,21856,1775,33939,0.924887,0.39172,0.550349,0.160488
day,0.6,0.5,11060,55795,20265,1188,35530,0.944623,0.363205,0.524674,0.107414
day,0.6,0.55,11060,55795,18480,799,37315,0.958556,0.331212,0.492314,0.0722423
day,0.6,0.6,11060,55795,16545,508,39250,0.970211,0.296532,0.454233,0.0459313
day,0.6,0.65,11060,55795,14333,329,41462,0.977561,0.256887,0.406858,0.0297468
day,0.6,0.7,11060,55795,11598,194,44197,0.983548,0.207868,0.343202,0.0175407
day,0.6,0.75,11060,55795,7960,84,47835,0.989557,0.142665,0.249377,0.00759494
day,0.6,0.8,11060,55795,4146,43,51649,0.989735,0.0743077,0.138237,0.00388788
day,0.6,0.85,11060,55795,1646,18,54149,0.989183,0.0295009,0.057293,0.00162749
day,0.6,0.9,11060,55795,293,0,55502,1,0.00525137,0.0104479,0
day,0.6,0.95,11060,55795,1,0,55794,1,1.79228e-05,3.58449e-05,0
day,0.6,0.99,11060,55795,0,0,55795,,0,0,0
day,0.7,0.05,11060,55795,34630,72946,21165,0.321912,0.620665,0.423943,6.59548
day,0.7,0.1,11060,55795,32784,40227,23011,0.449028,0.58758,0.509045,3.63716
day,0.7,0.15,11060,55795,31068,24847,24727,0.555629,0.556824,0.556226,2.24656
day,0.7,0.2,11060,55795,29445,16000,26350,0.647926,0.527735,0.581687,1.44665
day,0.7,0.25,11060,55795,27918,10459,27877,0.727467,0.500367,0.592915,0.94566
day,0.7,0.3,11060,55795,26431,7027,29364,0.789975,0.473716,0.592271,0.635353
day,0.7,0.35,11060,55795,24929,4652,30866,0.842737,0.446796,0.583981,0.420615
day,0.7,0.4,11060,55795,23459,3088,32336,0.883678,0.42045,0.569794,0.279204
day,0.7,0.45,11060,55795,21912,1989,33883,0.916782,0.392723,0.54989,0.179837
day,0.7,0.5,11060,55795,20296,1291,35499,0.940195,0.36376,0.524566,0.116727
day,0.7,0.55,11060,55795,18495,852,37300,0.955962,0.331481,0.492268,0.0770344
day,0.7,0.6,11060,55795,16559,527,39236,0.969156,0.296783,0.454412,0.0476492
day,0.7,0.65,11060,55795,14344,334,41451,0.977245,0.257084,0.407078,0.0301989
day,0.7,0.7,11060,55795,11602,196,44193,0.983387,0.20794,0.34329,0.0177215
day,0.7,0.75,11060,55795,7963,84,47832,0.989561,0.142719,0.24946,0.00759494
day,0.7,0.8,11060,55795,4146,43,51649,0.989735,0.0743077,0.138237,0.00388788
day,0.7,0.85,11060,55795,1646,18,54149,0.989183,0.0295009,0.057293,0.00162749
day,0.7,0.9,11060,55795,293,0,55502,1,0.00525137,0.0104479,0
day,0.7,0.95,11060,55795,1,0,55794,1,1.79228e-05,3.58449e-05,0
day,0.7,0.99,11060,55795,0,0,55795,,0,0,0
day,0.8,0.05,11060,55795,34943,98829,20852,0.261213,0.626275,0.368661,8.93571
day,0.8,0.1,11060,55795,33131,57773,22664,0.364461,0.593799,0.451687,5.2236
day,0.8,0.15,11060,55795,31432,37386,24363,0.456741,0.563348,0.504474,3.38029
day,0.8,0.2,11060,55795,29743,24945,26052,0.543867,0.533076,0.538418,2.25542
day,0.8,0.25,11060,55795,28144,16635,27651,0.628509,0.504418,0.559668,1.50407
day,0.8,0.3,11060,55795,26603,11218,29192,0.703392,0.476799,0.568343,1.01429
day,0.8,0.35,11060,55795,25067,7369,30728,0.772814,0.44927,0.568213,0.666275
day,0.8,0.4,11060,55795,23550,4741,32245,0.83242,0.422081,0.560141,0.428662
day,0.8,0.45,11060,55795,21970,2925,33825,0.882507,0.393763,0.544553,0.264467
day,0.8,0.5,11060,55795,20324,1785,35471,0.919264,0.364262,0.52177,0.161392
day,0.8,0.55,11060,55795,18519,1079,37276,0.944943,0.331911,0.491266,0.0975588
day,0.8,0.6,11060,55795,16569,626,39226,0.963594,0.296962,0.454007,0.0566004
day,0.8,0.65,11060,55795,14348,370,41447,0.974861,0.257156,0.40696,0.0334539
day,0.8,0.7,11060,55795,11605,210,44190,0.982226,0.207994,0.343292,0.0189873
day,0.8,0.75,11060,55795,7964,87,47831,0.989194,0.142737,0.249475,0.00786618
day,0.8,0.8,11060,55795,4146,43,51649,0.989735,0.0743077,0.138237,0.00388788
day,0.8,0.85,11060,55795,1646,18,54149,0.989183,0.0295009,0.057293,0.00162749
day,0.8,0.9,11060,55795,293,0,55502,1,0.00525137,0.0104479,0
day,0.8,0.95,11060,55795,1,0,55794,1,1.79228e-05,3.58449e-05,0
day,0.8,0.99,11060,55795,0,0,55795,,0,0,0
